[
  {
    "id": 1,
    "branch": "Guindy",
    "batch_name": "ABC ",
    "level": "Intermediate",
    "class_type": "Offline",
    "class_detail": "Python",
    "schedule_type": "Bi-weekly",
    "from_date": "2025-05-12",
    "to_date": "2025-05-13",
    "time_slot": null,
    "batches_location": "Auditorium",
    "status": "Moderate",
    "instructor": "Bob Smith",
    "additional_instructor": null,
    "resource": null,
    "min_students": 2,
    "max_students": 4,
    "remarks": "Good",
    "created_at": "2025-05-30T03:51:51.083Z",
    "time_slots": null,
    "additional_instructors": "",
    "resources": "",
    "batch_days": [
      "W",
      "Th"
    ]
  },
  {
    "id": 2,
    "branch": "Guindy",
    "batch_name": "ABC ",
    "level": "Intermediate",
    "class_type": "Offline",
    "class_detail": "Python",
    "schedule_type": "Bi-weekly",
    "from_date": "2025-05-12",
    "to_date": "2025-05-13",
    "time_slot": null,
    "batches_location": "Auditorium",
    "status": "Moderate",
    "instructor": "Bob Smith",
    "additional_instructor": null,
    "resource": null,
    "min_students": 2,
    "max_students": 4,
    "remarks": "Good",
    "created_at": "2025-05-30T03:52:28.175Z",
    "time_slots": null,
    "additional_instructors": "",
    "resources": "Whiteboard",
    "batch_days": [
      "W",
      "Th"
    ]
  },
  {
    "id": 3,
    "branch": "",
    "batch_name": "Chess",
    "level": "",
    "class_type": "",
    "class_detail": "Chess Tournament",
    "schedule_type": "",
    "from_date": "2025-05-11",
    "to_date": "2025-05-20",
    "time_slot": null,
    "batches_location": "",
    "status": "",
    "instructor": "",
    "additional_instructor": null,
    "resource": null,
    "min_students": 2,
    "max_students": 10,
    "remarks": "Good",
    "created_at": "2025-05-30T11:00:57.060Z",
    "time_slots": null,
    "additional_instructors": "",
    "resources": "Whiteboard",
    "batch_days": [
      "F",
      "Th"
    ]
  },
  {
    "id": 4,
    "branch": "",
    "batch_name": "Chess",
    "level": "",
    "class_type": "",
    "class_detail": "Chess Tournament",
    "schedule_type": "",
    "from_date": "2025-05-11",
    "to_date": "2025-05-20",
    "time_slot": null,
    "batches_location": "",
    "status": "",
    "instructor": "",
    "additional_instructor": null,
    "resource": null,
    "min_students": 2,
    "max_students": 10,
    "remarks": "Good",
    "created_at": "2025-05-30T11:01:13.080Z",
    "time_slots": null,
    "additional_instructors": "",
    "resources": "Whiteboard",
    "batch_days": [
      "F",
      "Th"
    ]
  }
]